-- Inserts para CATALOGO.TC_AREA_CONOCIMIENTO
INSERT INTO CATALOGO.TC_AREA_CONOCIMIENTO (id_area_conocimiento, area_conocimiento, busuario) VALUES (0, 'Elije una opción', 'lguzmanu');
INSERT INTO CATALOGO.TC_AREA_CONOCIMIENTO (id_area_conocimiento, area_conocimiento, busuario) VALUES (1, 'Ciencias Básicas', 'lguzmanu');
INSERT INTO CATALOGO.TC_AREA_CONOCIMIENTO (id_area_conocimiento, area_conocimiento, busuario) VALUES (2, 'Ciencias Sociales y Humanidades', 'lguzmanu');
INSERT INTO CATALOGO.TC_AREA_CONOCIMIENTO (id_area_conocimiento, area_conocimiento, busuario) VALUES (3, 'Alta Dirección en Ingeniería', 'lguzmanu');
INSERT INTO CATALOGO.TC_AREA_CONOCIMIENTO (id_area_conocimiento, area_conocimiento, busuario) VALUES (4, 'Ciencias de la Ingeniería', 'lguzmanu');
INSERT INTO CATALOGO.TC_AREA_CONOCIMIENTO (id_area_conocimiento, area_conocimiento, busuario) VALUES (5, 'Ingeniería Aplicada', 'lguzmanu');
INSERT INTO CATALOGO.TC_AREA_CONOCIMIENTO (id_area_conocimiento, area_conocimiento, busuario) VALUES (6, 'Sistemas Biomédicos', 'lguzmanu');
INSERT INTO CATALOGO.TC_AREA_CONOCIMIENTO (id_area_conocimiento, area_conocimiento, busuario) VALUES (7, 'Otras convenientes', 'lguzmanu');

-- Inserts para CATALOGO.TC_CARACTER_ASIGNATURA
INSERT INTO CATALOGO.TC_CARACTER_ASIGNATURA (id_caracter_asig, caracter_asignatura, busuario) VALUES (0, 'Elije una opción', 'lguzmanu');
INSERT INTO CATALOGO.TC_CARACTER_ASIGNATURA (id_caracter_asig, caracter_asignatura, busuario) VALUES (1, 'Obligatoria', 'lguzmanu');
INSERT INTO CATALOGO.TC_CARACTER_ASIGNATURA (id_caracter_asig, caracter_asignatura, busuario) VALUES (2, 'Optativa', 'lguzmanu');

-- Inserts para CATALOGO.TC_DIVISION
INSERT INTO CATALOGO.TC_DIVISION (id_division, division, descripcion, busuario) VALUES (0, 'Elije una opción', NULL, 'lguzmanu');
INSERT INTO CATALOGO.TC_DIVISION (id_division, division, descripcion, busuario) VALUES (1, 'DIE', NULL, 'lguzmanu');
INSERT INTO CATALOGO.TC_DIVISION (id_division, division, descripcion, busuario) VALUES (2, 'DIMEI', NULL, 'lguzmanu');
INSERT INTO CATALOGO.TC_DIVISION (id_division, division, descripcion, busuario) VALUES (3, 'DICyG', NULL, 'lguzmanu');
INSERT INTO CATALOGO.TC_DIVISION (id_division, division, descripcion, busuario) VALUES (4, 'UAT', NULL, 'lguzmanu');
INSERT INTO CATALOGO.TC_DIVISION (id_division, division, descripcion, busuario) VALUES (5, 'DICT', NULL, 'lguzmanu');
INSERT INTO CATALOGO.TC_DIVISION (id_division, division, descripcion, busuario) VALUES (6, 'Básicas', NULL, 'lguzmanu');
INSERT INTO CATALOGO.TC_DIVISION (id_division, division, descripcion, busuario) VALUES (7, 'Sociales', NULL, 'lguzmanu');

-- Inserts para CATALOGO.TC_ESTATUS_SOLICITUD
INSERT INTO CATALOGO.TC_ESTATUS_SOLICITUD (id_estatus_solicitud, desc_estatus, busuario) VALUES (0, 'Sol. Cancelada', 'lguzmanu');
INSERT INTO CATALOGO.TC_ESTATUS_SOLICITUD (id_estatus_solicitud, desc_estatus, busuario) VALUES (1, 'Elaboración', 'lguzmanu');
INSERT INTO CATALOGO.TC_ESTATUS_SOLICITUD (id_estatus_solicitud, desc_estatus, busuario) VALUES (2, 'Revisión', 'lguzmanu');
INSERT INTO CATALOGO.TC_ESTATUS_SOLICITUD (id_estatus_solicitud, desc_estatus, busuario) VALUES (3, 'Concluida', 'lguzmanu');

-- Inserts para CATALOGO.TC_ESTRATEGIAS_DIDACTICAS
INSERT INTO CATALOGO.TC_ESTRATEGIAS_DIDACTICAS (id_estrategia_didact, estrategia_didactica, busuario) VALUES (0, 'Elije una opción', 'lguzmanu');
INSERT INTO CATALOGO.TC_ESTRATEGIAS_DIDACTICAS (id_estrategia_didact, estrategia_didactica, busuario) VALUES (1, 'Exposición oral/audiovisual ', 'lguzmanu');
INSERT INTO CATALOGO.TC_ESTRATEGIAS_DIDACTICAS (id_estrategia_didact, estrategia_didactica, busuario) VALUES (2, 'Lescturas obligatorias ', 'lguzmanu');
INSERT INTO CATALOGO.TC_ESTRATEGIAS_DIDACTICAS (id_estrategia_didact, estrategia_didactica, busuario) VALUES (3, 'Aprendizaje basado en proyectos ', 'lguzmanu');
INSERT INTO CATALOGO.TC_ESTRATEGIAS_DIDACTICAS (id_estrategia_didact, estrategia_didactica, busuario) VALUES (4, 'Aprendizaje basado en problemas ', 'lguzmanu');
INSERT INTO CATALOGO.TC_ESTRATEGIAS_DIDACTICAS (id_estrategia_didact, estrategia_didactica, busuario) VALUES (5, 'Aprendizaje basado en analisis de caso ', 'lguzmanu');
INSERT INTO CATALOGO.TC_ESTRATEGIAS_DIDACTICAS (id_estrategia_didact, estrategia_didactica, busuario) VALUES (6, 'Prácticas de taller o laboratorio  ', 'lguzmanu');
INSERT INTO CATALOGO.TC_ESTRATEGIAS_DIDACTICAS (id_estrategia_didact, estrategia_didactica, busuario) VALUES (7, 'Simulaciones ', 'lguzmanu');
INSERT INTO CATALOGO.TC_ESTRATEGIAS_DIDACTICAS (id_estrategia_didact, estrategia_didactica, busuario) VALUES (8, 'Mapas (mentales y/o conceptuales)', 'lguzmanu');
INSERT INTO CATALOGO.TC_ESTRATEGIAS_DIDACTICAS (id_estrategia_didact, estrategia_didactica, busuario) VALUES (9, 'Trabajos de investigación ', 'lguzmanu');
INSERT INTO CATALOGO.TC_ESTRATEGIAS_DIDACTICAS (id_estrategia_didact, estrategia_didactica, busuario) VALUES (10, 'Ejercicios dentro de clase  ', 'lguzmanu');
INSERT INTO CATALOGO.TC_ESTRATEGIAS_DIDACTICAS (id_estrategia_didact, estrategia_didactica, busuario) VALUES (11, 'Ejercicios fuera del aula ', 'lguzmanu');
INSERT INTO CATALOGO.TC_ESTRATEGIAS_DIDACTICAS (id_estrategia_didact, estrategia_didactica, busuario) VALUES (12, 'Elaboración de proyectos', 'lguzmanu');
INSERT INTO CATALOGO.TC_ESTRATEGIAS_DIDACTICAS (id_estrategia_didact, estrategia_didactica, busuario) VALUES (13, 'Seminarios ', 'lguzmanu');
INSERT INTO CATALOGO.TC_ESTRATEGIAS_DIDACTICAS (id_estrategia_didact, estrategia_didactica, busuario) VALUES (14, 'Practicas de campo', 'lguzmanu');
INSERT INTO CATALOGO.TC_ESTRATEGIAS_DIDACTICAS (id_estrategia_didact, estrategia_didactica, busuario) VALUES (15, 'Plataformas de aprendizaje (LMS)', 'lguzmanu');
INSERT INTO CATALOGO.TC_ESTRATEGIAS_DIDACTICAS (id_estrategia_didact, estrategia_didactica, busuario) VALUES (16, 'Inteligencia artificial', 'lguzmanu');
INSERT INTO CATALOGO.TC_ESTRATEGIAS_DIDACTICAS (id_estrategia_didact, estrategia_didactica, busuario) VALUES (17, 'Clase invertida (flipped classroom)', 'lguzmanu');
INSERT INTO CATALOGO.TC_ESTRATEGIAS_DIDACTICAS (id_estrategia_didact, estrategia_didactica, busuario) VALUES (18, 'Uso de software especializado ', 'lguzmanu');
INSERT INTO CATALOGO.TC_ESTRATEGIAS_DIDACTICAS (id_estrategia_didact, estrategia_didactica, busuario) VALUES (19, 'Uso de plataformas educativas', 'lguzmanu');
INSERT INTO CATALOGO.TC_ESTRATEGIAS_DIDACTICAS (id_estrategia_didact, estrategia_didactica, busuario) VALUES (20, 'Aprendizaje cooperativo', 'lguzmanu');
INSERT INTO CATALOGO.TC_ESTRATEGIAS_DIDACTICAS (id_estrategia_didact, estrategia_didactica, busuario) VALUES (21, 'Discusión y análisis de casos reales ', 'lguzmanu');
INSERT INTO CATALOGO.TC_ESTRATEGIAS_DIDACTICAS (id_estrategia_didact, estrategia_didactica, busuario) VALUES (22, 'Pensamiento de diseño (Design Thinking)', 'lguzmanu');
INSERT INTO CATALOGO.TC_ESTRATEGIAS_DIDACTICAS (id_estrategia_didact, estrategia_didactica, busuario) VALUES (23, 'Programación', 'lguzmanu');
INSERT INTO CATALOGO.TC_ESTRATEGIAS_DIDACTICAS (id_estrategia_didact, estrategia_didactica, busuario) VALUES (24, 'Busqueda de información', 'lguzmanu');

-- Inserts para CATALOGO.TC_FORMAS_EVALUACION
INSERT INTO CATALOGO.TC_FORMAS_EVALUACION (id_forma_eval, forma_evaluacion, tipo_evaluacion, busuario) VALUES (0, 'Elije una opción', 'No aplica', 'lguzmanu');
INSERT INTO CATALOGO.TC_FORMAS_EVALUACION (id_forma_eval, forma_evaluacion, tipo_evaluacion, busuario) VALUES (1, 'Examen diagnostico ', 'Diagnóstica', 'lguzmanu');
INSERT INTO CATALOGO.TC_FORMAS_EVALUACION (id_forma_eval, forma_evaluacion, tipo_evaluacion, busuario) VALUES (2, 'Cuestionarios ', 'Diagnóstica', 'lguzmanu');
INSERT INTO CATALOGO.TC_FORMAS_EVALUACION (id_forma_eval, forma_evaluacion, tipo_evaluacion, busuario) VALUES (3, 'Observación ', 'Diagnóstica', 'lguzmanu');
INSERT INTO CATALOGO.TC_FORMAS_EVALUACION (id_forma_eval, forma_evaluacion, tipo_evaluacion, busuario) VALUES (4, 'Entrevistas individuales o grupales ', 'Diagnóstica', 'lguzmanu');
INSERT INTO CATALOGO.TC_FORMAS_EVALUACION (id_forma_eval, forma_evaluacion, tipo_evaluacion, busuario) VALUES (5, 'Dinamica grupal', 'Diagnóstica', 'lguzmanu');
INSERT INTO CATALOGO.TC_FORMAS_EVALUACION (id_forma_eval, forma_evaluacion, tipo_evaluacion, busuario) VALUES (6, 'Presentación de avances', 'Formativa', 'lguzmanu');
INSERT INTO CATALOGO.TC_FORMAS_EVALUACION (id_forma_eval, forma_evaluacion, tipo_evaluacion, busuario) VALUES (7, 'Trabajos y tareas', 'Formativa', 'lguzmanu');
INSERT INTO CATALOGO.TC_FORMAS_EVALUACION (id_forma_eval, forma_evaluacion, tipo_evaluacion, busuario) VALUES (8, 'Examen parcial ', 'Formativa', 'lguzmanu');
INSERT INTO CATALOGO.TC_FORMAS_EVALUACION (id_forma_eval, forma_evaluacion, tipo_evaluacion, busuario) VALUES (9, 'Exposición del alumnado ', 'Formativa', 'lguzmanu');
INSERT INTO CATALOGO.TC_FORMAS_EVALUACION (id_forma_eval, forma_evaluacion, tipo_evaluacion, busuario) VALUES (10, 'Participación en clase', 'Formativa', 'lguzmanu');
INSERT INTO CATALOGO.TC_FORMAS_EVALUACION (id_forma_eval, forma_evaluacion, tipo_evaluacion, busuario) VALUES (11, 'Prácticas escolares', 'Formativa', 'lguzmanu');
INSERT INTO CATALOGO.TC_FORMAS_EVALUACION (id_forma_eval, forma_evaluacion, tipo_evaluacion, busuario) VALUES (12, 'Portafolio de evidencias ', 'Sumativa', 'lguzmanu');
INSERT INTO CATALOGO.TC_FORMAS_EVALUACION (id_forma_eval, forma_evaluacion, tipo_evaluacion, busuario) VALUES (13, 'Proyecto (representación, diseño, producto, etc.)', 'Sumativa', 'lguzmanu');
INSERT INTO CATALOGO.TC_FORMAS_EVALUACION (id_forma_eval, forma_evaluacion, tipo_evaluacion, busuario) VALUES (14, 'Propuestas de intervención', 'Sumativa', 'lguzmanu');
INSERT INTO CATALOGO.TC_FORMAS_EVALUACION (id_forma_eval, forma_evaluacion, tipo_evaluacion, busuario) VALUES (15, 'Examen final ', 'Sumativa', 'lguzmanu');
INSERT INTO CATALOGO.TC_FORMAS_EVALUACION (id_forma_eval, forma_evaluacion, tipo_evaluacion, busuario) VALUES (16, 'Autoevaluación', 'Sumativa', 'lguzmanu');
INSERT INTO CATALOGO.TC_FORMAS_EVALUACION (id_forma_eval, forma_evaluacion, tipo_evaluacion, busuario) VALUES (17, 'Coevaluación', 'Sumativa', 'lguzmanu');

-- Inserts para CATALOGO.TC_LICENCIATURA
INSERT INTO CATALOGO.TC_LICENCIATURA (id_licenciatura, licenciatura, id_division, busuario) VALUES (0, 'Elije una opción', 0, 'lguzmanu');
INSERT INTO CATALOGO.TC_LICENCIATURA (id_licenciatura, licenciatura, id_division, busuario) VALUES (1, 'Computación', 1, 'lguzmanu');
INSERT INTO CATALOGO.TC_LICENCIATURA (id_licenciatura, licenciatura, id_division, busuario) VALUES (2, 'Eléctrica', 1, 'lguzmanu');
INSERT INTO CATALOGO.TC_LICENCIATURA (id_licenciatura, licenciatura, id_division, busuario) VALUES (3, 'Telecom', 1, 'lguzmanu');
INSERT INTO CATALOGO.TC_LICENCIATURA (id_licenciatura, licenciatura, id_division, busuario) VALUES (4, 'Mecánica', 2, 'lguzmanu');
INSERT INTO CATALOGO.TC_LICENCIATURA (id_licenciatura, licenciatura, id_division, busuario) VALUES (5, 'Mecatrónica', 2, 'lguzmanu');
INSERT INTO CATALOGO.TC_LICENCIATURA (id_licenciatura, licenciatura, id_division, busuario) VALUES (6, 'Industrial', 2, 'lguzmanu');
INSERT INTO CATALOGO.TC_LICENCIATURA (id_licenciatura, licenciatura, id_division, busuario) VALUES (7, 'Biomédicos', 2, 'lguzmanu');
INSERT INTO CATALOGO.TC_LICENCIATURA (id_licenciatura, licenciatura, id_division, busuario) VALUES (8, 'Civil', 3, 'lguzmanu');
INSERT INTO CATALOGO.TC_LICENCIATURA (id_licenciatura, licenciatura, id_division, busuario) VALUES (9, 'Geomática', 3, 'lguzmanu');
INSERT INTO CATALOGO.TC_LICENCIATURA (id_licenciatura, licenciatura, id_division, busuario) VALUES (10, 'Ambiental', 3, 'lguzmanu');
INSERT INTO CATALOGO.TC_LICENCIATURA (id_licenciatura, licenciatura, id_division, busuario) VALUES (11, 'Aeroespacial', 4, 'lguzmanu');
INSERT INTO CATALOGO.TC_LICENCIATURA (id_licenciatura, licenciatura, id_division, busuario) VALUES (12, 'Petrolera', 5, 'lguzmanu');
INSERT INTO CATALOGO.TC_LICENCIATURA (id_licenciatura, licenciatura, id_division, busuario) VALUES (13, 'Minas', 5, 'lguzmanu');
INSERT INTO CATALOGO.TC_LICENCIATURA (id_licenciatura, licenciatura, id_division, busuario) VALUES (14, 'Geofísica', 5, 'lguzmanu');
INSERT INTO CATALOGO.TC_LICENCIATURA (id_licenciatura, licenciatura, id_division, busuario) VALUES (15, 'Geológica', 5, 'lguzmanu');
INSERT INTO CATALOGO.TC_LICENCIATURA (id_licenciatura, licenciatura, id_division, busuario) VALUES (16, 'Básicas', 6, 'lguzmanu');
INSERT INTO CATALOGO.TC_LICENCIATURA (id_licenciatura, licenciatura, id_division, busuario) VALUES (17, 'Sociales', 7, 'lguzmanu');

-- Inserts para CATALOGO.TC_MODALIDAD
INSERT INTO CATALOGO.TC_MODALIDAD (id_modalidad, modalidad, busuario) VALUES (0, 'Elije una opción', 'lguzmanu');
INSERT INTO CATALOGO.TC_MODALIDAD (id_modalidad, modalidad, busuario) VALUES (1, 'Curso teórico', 'lguzmanu');
INSERT INTO CATALOGO.TC_MODALIDAD (id_modalidad, modalidad, busuario) VALUES (2, 'Curso práctico', 'lguzmanu');
INSERT INTO CATALOGO.TC_MODALIDAD (id_modalidad, modalidad, busuario) VALUES (3, 'Curso teórico-práctico', 'lguzmanu');
INSERT INTO CATALOGO.TC_MODALIDAD (id_modalidad, modalidad, busuario) VALUES (4, 'Taller', 'lguzmanu');
INSERT INTO CATALOGO.TC_MODALIDAD (id_modalidad, modalidad, busuario) VALUES (5, 'Laboratorio', 'lguzmanu');
INSERT INTO CATALOGO.TC_MODALIDAD (id_modalidad, modalidad, busuario) VALUES (6, 'Seminario', 'lguzmanu');
INSERT INTO CATALOGO.TC_MODALIDAD (id_modalidad, modalidad, busuario) VALUES (7, 'Práctica de Campo', 'lguzmanu');

-- Inserts para CATALOGO.TC_PERFIL
INSERT INTO CATALOGO.TC_PERFIL (id_perfil, nombre_perfil, descripcion_perfil, activo, busuario) VALUES (1, 'Administrador', 'Perfil para los administradores del sistema.', 0, 'busuario');
INSERT INTO CATALOGO.TC_PERFIL (id_perfil, nombre_perfil, descripcion_perfil, activo, busuario) VALUES (2, 'Operador DIE', 'Operador de la división DIE', 0, 'busuario');
INSERT INTO CATALOGO.TC_PERFIL (id_perfil, nombre_perfil, descripcion_perfil, activo, busuario) VALUES (3, 'Validador DIE', 'Validador de la división DIE', 0, 'busuario');
INSERT INTO CATALOGO.TC_PERFIL (id_perfil, nombre_perfil, descripcion_perfil, activo, busuario) VALUES (4, 'Operador DIMEI', 'Operador de la división DIMEI', 0, 'busuario');
INSERT INTO CATALOGO.TC_PERFIL (id_perfil, nombre_perfil, descripcion_perfil, activo, busuario) VALUES (5, 'Validador DIMEI', 'Validador de la división DIMEI', 0, 'busuario');
INSERT INTO CATALOGO.TC_PERFIL (id_perfil, nombre_perfil, descripcion_perfil, activo, busuario) VALUES (6, 'Operador DICyG', 'Operador de la división DICyG', 0, 'busuario');
INSERT INTO CATALOGO.TC_PERFIL (id_perfil, nombre_perfil, descripcion_perfil, activo, busuario) VALUES (7, 'Validador DICyG', 'Validador de la división DICyG', 0, 'busuario');
INSERT INTO CATALOGO.TC_PERFIL (id_perfil, nombre_perfil, descripcion_perfil, activo, busuario) VALUES (8, 'Operador UAT', 'Operador de la división UAT', 0, 'busuario');
INSERT INTO CATALOGO.TC_PERFIL (id_perfil, nombre_perfil, descripcion_perfil, activo, busuario) VALUES (9, 'Validador UAT', 'Validador de la división UAT', 0, 'busuario');
INSERT INTO CATALOGO.TC_PERFIL (id_perfil, nombre_perfil, descripcion_perfil, activo, busuario) VALUES (10, 'Operador DICT', 'Operador de la división DICT', 0, 'busuario');
INSERT INTO CATALOGO.TC_PERFIL (id_perfil, nombre_perfil, descripcion_perfil, activo, busuario) VALUES (11, 'Validador DICT', 'Validador de la división DICT', 0, 'busuario');
INSERT INTO CATALOGO.TC_PERFIL (id_perfil, nombre_perfil, descripcion_perfil, activo, busuario) VALUES (12, 'Operador Básicas', 'Operador de Ciencias Básicas', 0, 'busuario');
INSERT INTO CATALOGO.TC_PERFIL (id_perfil, nombre_perfil, descripcion_perfil, activo, busuario) VALUES (13, 'Validador Básicas', 'Validador de Ciencias Básicas', 0, 'busuario');
INSERT INTO CATALOGO.TC_PERFIL (id_perfil, nombre_perfil, descripcion_perfil, activo, busuario) VALUES (14, 'Operador Sociales', 'Operador de Ciencias Sociales', 0, 'busuario');
INSERT INTO CATALOGO.TC_PERFIL (id_perfil, nombre_perfil, descripcion_perfil, activo, busuario) VALUES (15, 'Validador Sociales', 'Validador de Ciencias Sociales', 0, 'busuario');

-- Inserts para CATALOGO.TC_MAPEO_PERFIL
INSERT INTO CATALOGO.TC_MAPEO_PERFIL (id_perfil_origen, id_perfil_destino, activo, busuario) VALUES (1, 1, 0, 'lguzmanu');
INSERT INTO CATALOGO.TC_MAPEO_PERFIL (id_perfil_origen, id_perfil_destino, activo, busuario) VALUES (1, 2, 0, 'lguzmanu');
INSERT INTO CATALOGO.TC_MAPEO_PERFIL (id_perfil_origen, id_perfil_destino, activo, busuario) VALUES (1, 3, 0, 'lguzmanu');
INSERT INTO CATALOGO.TC_MAPEO_PERFIL (id_perfil_origen, id_perfil_destino, activo, busuario) VALUES (1, 4, 0, 'lguzmanu');
INSERT INTO CATALOGO.TC_MAPEO_PERFIL (id_perfil_origen, id_perfil_destino, activo, busuario) VALUES (1, 5, 0, 'lguzmanu');
INSERT INTO CATALOGO.TC_MAPEO_PERFIL (id_perfil_origen, id_perfil_destino, activo, busuario) VALUES (1, 6, 0, 'lguzmanu');
INSERT INTO CATALOGO.TC_MAPEO_PERFIL (id_perfil_origen, id_perfil_destino, activo, busuario) VALUES (1, 7, 0, 'lguzmanu');
INSERT INTO CATALOGO.TC_MAPEO_PERFIL (id_perfil_origen, id_perfil_destino, activo, busuario) VALUES (1, 8, 0, 'lguzmanu');
INSERT INTO CATALOGO.TC_MAPEO_PERFIL (id_perfil_origen, id_perfil_destino, activo, busuario) VALUES (1, 9, 0, 'lguzmanu');
INSERT INTO CATALOGO.TC_MAPEO_PERFIL (id_perfil_origen, id_perfil_destino, activo, busuario) VALUES (1, 10, 0, 'lguzmanu');
INSERT INTO CATALOGO.TC_MAPEO_PERFIL (id_perfil_origen, id_perfil_destino, activo, busuario) VALUES (1, 11, 0, 'lguzmanu');
INSERT INTO CATALOGO.TC_MAPEO_PERFIL (id_perfil_origen, id_perfil_destino, activo, busuario) VALUES (1, 12, 0, 'lguzmanu');
INSERT INTO CATALOGO.TC_MAPEO_PERFIL (id_perfil_origen, id_perfil_destino, activo, busuario) VALUES (1, 13, 0, 'lguzmanu');
INSERT INTO CATALOGO.TC_MAPEO_PERFIL (id_perfil_origen, id_perfil_destino, activo, busuario) VALUES (1, 14, 0, 'lguzmanu');
INSERT INTO CATALOGO.TC_MAPEO_PERFIL (id_perfil_origen, id_perfil_destino, activo, busuario) VALUES (1, 15, 0, 'lguzmanu');
INSERT INTO CATALOGO.TC_MAPEO_PERFIL (id_perfil_origen, id_perfil_destino, activo, busuario) VALUES (2, 2, 0, 'lguzmanu');
INSERT INTO CATALOGO.TC_MAPEO_PERFIL (id_perfil_origen, id_perfil_destino, activo, busuario) VALUES (3, 2, 0, 'lguzmanu');
INSERT INTO CATALOGO.TC_MAPEO_PERFIL (id_perfil_origen, id_perfil_destino, activo, busuario) VALUES (3, 3, 0, 'lguzmanu');
INSERT INTO CATALOGO.TC_MAPEO_PERFIL (id_perfil_origen, id_perfil_destino, activo, busuario) VALUES (4, 4, 0, 'lguzmanu');
INSERT INTO CATALOGO.TC_MAPEO_PERFIL (id_perfil_origen, id_perfil_destino, activo, busuario) VALUES (5, 4, 0, 'lguzmanu');
INSERT INTO CATALOGO.TC_MAPEO_PERFIL (id_perfil_origen, id_perfil_destino, activo, busuario) VALUES (5, 5, 0, 'lguzmanu');
INSERT INTO CATALOGO.TC_MAPEO_PERFIL (id_perfil_origen, id_perfil_destino, activo, busuario) VALUES (6, 6, 0, 'lguzmanu');
INSERT INTO CATALOGO.TC_MAPEO_PERFIL (id_perfil_origen, id_perfil_destino, activo, busuario) VALUES (7, 6, 0, 'lguzmanu');
INSERT INTO CATALOGO.TC_MAPEO_PERFIL (id_perfil_origen, id_perfil_destino, activo, busuario) VALUES (7, 7, 0, 'lguzmanu');
INSERT INTO CATALOGO.TC_MAPEO_PERFIL (id_perfil_origen, id_perfil_destino, activo, busuario) VALUES (8, 8, 0, 'lguzmanu');
INSERT INTO CATALOGO.TC_MAPEO_PERFIL (id_perfil_origen, id_perfil_destino, activo, busuario) VALUES (9, 8, 0, 'lguzmanu');
INSERT INTO CATALOGO.TC_MAPEO_PERFIL (id_perfil_origen, id_perfil_destino, activo, busuario) VALUES (9, 9, 0, 'lguzmanu');
INSERT INTO CATALOGO.TC_MAPEO_PERFIL (id_perfil_origen, id_perfil_destino, activo, busuario) VALUES (10, 10, 0, 'lguzmanu');
INSERT INTO CATALOGO.TC_MAPEO_PERFIL (id_perfil_origen, id_perfil_destino, activo, busuario) VALUES (11, 10, 0, 'lguzmanu');
INSERT INTO CATALOGO.TC_MAPEO_PERFIL (id_perfil_origen, id_perfil_destino, activo, busuario) VALUES (11, 11, 0, 'lguzmanu');
INSERT INTO CATALOGO.TC_MAPEO_PERFIL (id_perfil_origen, id_perfil_destino, activo, busuario) VALUES (12, 12, 0, 'lguzmanu');
INSERT INTO CATALOGO.TC_MAPEO_PERFIL (id_perfil_origen, id_perfil_destino, activo, busuario) VALUES (13, 12, 0, 'lguzmanu');
INSERT INTO CATALOGO.TC_MAPEO_PERFIL (id_perfil_origen, id_perfil_destino, activo, busuario) VALUES (13, 13, 0, 'lguzmanu');
INSERT INTO CATALOGO.TC_MAPEO_PERFIL (id_perfil_origen, id_perfil_destino, activo, busuario) VALUES (14, 14, 0, 'lguzmanu');
INSERT INTO CATALOGO.TC_MAPEO_PERFIL (id_perfil_origen, id_perfil_destino, activo, busuario) VALUES (15, 14, 0, 'lguzmanu');
INSERT INTO CATALOGO.TC_MAPEO_PERFIL (id_perfil_origen, id_perfil_destino, activo, busuario) VALUES (15, 15, 0, 'lguzmanu');

-- Inserts para CATALOGO.TC_TIPO_MODALIDAD
INSERT INTO CATALOGO.TC_TIPO_MODALIDAD (id_tipo_modalidad, tipo_modalidad, busuario) VALUES (0, 'Elije una opción', 'lguzmanu');
INSERT INTO CATALOGO.TC_TIPO_MODALIDAD (id_tipo_modalidad, tipo_modalidad, busuario) VALUES (1, 'Teórico', 'lguzmanu');
INSERT INTO CATALOGO.TC_TIPO_MODALIDAD (id_tipo_modalidad, tipo_modalidad, busuario) VALUES (2, 'Práctico', 'lguzmanu');
INSERT INTO CATALOGO.TC_TIPO_MODALIDAD (id_tipo_modalidad, tipo_modalidad, busuario) VALUES (3, 'Teórico - Práctico', 'lguzmanu');

-- Inserts para CATALOGO.TC_RELACION_MODALIDAD
INSERT INTO CATALOGO.TC_RELACION_MODALIDAD (id_modalidad, id_tipo_modalidad, busuario) VALUES (0, 0, 'lguzmanu');
INSERT INTO CATALOGO.TC_RELACION_MODALIDAD (id_modalidad, id_tipo_modalidad, busuario) VALUES (1, 1, 'lguzmanu');
INSERT INTO CATALOGO.TC_RELACION_MODALIDAD (id_modalidad, id_tipo_modalidad, busuario) VALUES (2, 2, 'lguzmanu');
INSERT INTO CATALOGO.TC_RELACION_MODALIDAD (id_modalidad, id_tipo_modalidad, busuario) VALUES (3, 3, 'lguzmanu');
INSERT INTO CATALOGO.TC_RELACION_MODALIDAD (id_modalidad, id_tipo_modalidad, busuario) VALUES (4, 2, 'lguzmanu');
INSERT INTO CATALOGO.TC_RELACION_MODALIDAD (id_modalidad, id_tipo_modalidad, busuario) VALUES (5, 2, 'lguzmanu');
INSERT INTO CATALOGO.TC_RELACION_MODALIDAD (id_modalidad, id_tipo_modalidad, busuario) VALUES (6, 1, 'lguzmanu');
INSERT INTO CATALOGO.TC_RELACION_MODALIDAD (id_modalidad, id_tipo_modalidad, busuario) VALUES (7, 2, 'lguzmanu');

-- Inserts para CATALOGO.TC_TIPO_BIBLIOGRAFIA
INSERT INTO CATALOGO.TC_TIPO_BIBLIOGRAFIA (id_tipo_bibliografia, tipo_bibliografia, busuario) VALUES (0, 'Elije una opción', 'lguzmanu');
INSERT INTO CATALOGO.TC_TIPO_BIBLIOGRAFIA (id_tipo_bibliografia, tipo_bibliografia, busuario) VALUES (1, 'Libro impreso', 'lguzmanu');
INSERT INTO CATALOGO.TC_TIPO_BIBLIOGRAFIA (id_tipo_bibliografia, tipo_bibliografia, busuario) VALUES (2, 'Artículo impreso', 'lguzmanu');
INSERT INTO CATALOGO.TC_TIPO_BIBLIOGRAFIA (id_tipo_bibliografia, tipo_bibliografia, busuario) VALUES (3, 'Norma o ley', 'lguzmanu');
INSERT INTO CATALOGO.TC_TIPO_BIBLIOGRAFIA (id_tipo_bibliografia, tipo_bibliografia, busuario) VALUES (4, 'Apuntes de clase (material de curso)', 'lguzmanu');
INSERT INTO CATALOGO.TC_TIPO_BIBLIOGRAFIA (id_tipo_bibliografia, tipo_bibliografia, busuario) VALUES (5, 'Material audiovisual digital', 'lguzmanu');
INSERT INTO CATALOGO.TC_TIPO_BIBLIOGRAFIA (id_tipo_bibliografia, tipo_bibliografia, busuario) VALUES (6, 'Libro electrónico', 'lguzmanu');
INSERT INTO CATALOGO.TC_TIPO_BIBLIOGRAFIA (id_tipo_bibliografia, tipo_bibliografia, busuario) VALUES (7, 'Artículo electrónico', 'lguzmanu');

-- Inserts para PARAMETRO.TD_USUARIO
INSERT INTO PARAMETRO.TP_USUARIO (id_usuario, usuario_sistema, clave_acceso, nombre_completo, correo, id_perfil, id_division, activo, busuario) VALUES (1, 'lguzmanu', 'sipefi123', 'Leonardo Guzmán', 'leonixgu@gmail.com', 1, 0, 0, 'lguzmanu');

-- Inserts para PARAMETRO.TP_PARAMETRO
INSERT INTO PARAMETRO.TP_PARAMETRO (id_parametro, parametro, valor, busuario) VALUES (1, 'url_sipefi_login', 'http://127.0.0.1:8000/SIPEFI/login/', 'lguzmanu');
INSERT INTO PARAMETRO.TP_PARAMETRO (id_parametro, parametro, valor, busuario) VALUES (2, 'DURACION_TOKEN', '300', 'lguzmanu');

